[{"PanelId":"6da0a9240eaa46d99","SurfaceInSquareCentimeters":20000,"MaxPowerPerSquareMeter":400},{"PanelId":"3c0b82a3ba344f0db","SurfaceInSquareCentimeters":40000,"MaxPowerPerSquareMeter":500},{"PanelId":"8907fee5f75d498a8","SurfaceInSquareCentimeters":30000,"MaxPowerPerSquareMeter":500},{"PanelId":"0f6296edb30d4374b","SurfaceInSquareCentimeters":30000,"MaxPowerPerSquareMeter":500},{"PanelId":"3e57f55d103f4589a","SurfaceInSquareCentimeters":20000,"MaxPowerPerSquareMeter":500},{"PanelId":"e062d314c016419e8","SurfaceInSquareCentimeters":20000,"MaxPowerPerSquareMeter":500},{"PanelId":"80b04b6e730540ed9","SurfaceInSquareCentimeters":20000,"MaxPowerPerSquareMeter":500},{"PanelId":"836454df49f44f999","SurfaceInSquareCentimeters":30000,"MaxPowerPerSquareMeter":500},{"PanelId":"b05e862c656b4dfba","SurfaceInSquareCentimeters":30000,"MaxPowerPerSquareMeter":500},{"PanelId":"215c49fda0cd4624b","SurfaceInSquareCentimeters":30000,"MaxPowerPerSquareMeter":500},{"PanelId":"f52c2d6dacc84326a","SurfaceInSquareCentimeters":30000,"MaxPowerPerSquareMeter":500},{"PanelId":"d283c28b07a54bc98","SurfaceInSquareCentimeters":30000,"MaxPowerPerSquareMeter":500},{"PanelId":"d38771fb83b04ccd8","SurfaceInSquareCentimeters":30000,"MaxPowerPerSquareMeter":500}]